cost,is_active,company_id,image_url,description,variants,tax_rate,unit,price,supplier,name,min_stock,sku,category,stock,id,created_date,updated_date,created_by_id,created_by,is_sample
"0","true","694cc38feacdffcc010f0d60","https://res.cloudinary.com/dr7jmnefv/image/upload/v1773656100/edvusmxifis0e8hprq0e.jpg","","[]","0","sesi","20000","","CUCI RAMBUT / CATOKAN AJA","5","REG-CUCICATOK","SPA REGULER","999","69b7d889083c6fcc3742ec58","2026-03-16T10:16:41.860000","2026-03-16T10:16:41.860000","695f5ad914a7329cff4bfbaf","emakurnia27@gmail.com","false"
"0","true","694cc38feacdffcc010f0d60","https://res.cloudinary.com/dr7jmnefv/image/upload/v1772867034/cb21svcw8azqwy4yopf8.jpg","paket komplit perawatan wajah ","[]","0","sesi","160000",""," MBR - Totok Wajah + Akupuntur ","5","MBR-TOJAKUPNTR","SPA MEMBER","9999","69abce10a8f9ac4096f1afb7","2026-03-07T07:04:48.522000","2026-03-07T07:04:48.522000","695f5ad914a7329cff4bfbaf","emakurnia27@gmail.com","false"
"0","true","694cc38feacdffcc010f0d60","https://res.cloudinary.com/dr7jmnefv/image/upload/v1772866585/fh6ufcluoht7t3l7kx6c.jpg","paket komplit untuk perawatan wajah (totok wajah dan akupuntur wajah)","[]","0","sesi","192000","","Totok Wajah + Akupuntur ","5","REG-TOJAKUPNTR","SPA REGULER","9999","69abcdcce3662a5587ef9f41","2026-03-07T07:03:40.336000","2026-03-07T07:03:40.336000","695f5ad914a7329cff4bfbaf","emakurnia27@gmail.com","false"
"25000","true","694cc38feacdffcc010f0d60","https://res.cloudinary.com/dr7jmnefv/image/upload/v1772951017/c2b6jxekzef2okarw2df.jpg","","[]","0","pcs","50000","","HERBAL ONKOU BUBUK","5","BBK-ONKOU","Herbal Bubuk","13","69a284e05208802a97296fbe","2026-02-28T06:02:08.882000","2026-03-23T13:43:20.717000","695f5ad914a7329cff4bfbaf","emakurnia27@gmail.com","false"
"27000","true","694cc38feacdffcc010f0d60","https://images.unsplash.com/photo-1611073615830-9b4e47f3e0d0?w=500&q=80","","[]","0","pcs","27000","","MINYAK URUT 60ml","5","HH-MINYAK60","Herbal Healthy","100","6999b3c5efd04cc6a8c9a1fa","2026-02-21T13:31:49.047000","2026-03-05T08:33:26.493000","695f5ad914a7329cff4bfbaf","emakurnia27@gmail.com","false"
"0","true","694cc38feacdffcc010f0d60","https://res.cloudinary.com/dr7jmnefv/image/upload/v1772867808/whqj5oxnjme2vkyaozds.jpg","","[]","0","pcs","250000","","LULUR BOREH 1KG","5","HH-BOREH1KG","Herbal Healthy","0","698c15b2fb9118b3b8126e41","2026-02-11T05:37:54.736000","2026-03-07T07:17:26.768000","695f5ad914a7329cff4bfbaf","emakurnia27@gmail.com","false"
"0","true","694cc38feacdffcc010f0d60","https://res.cloudinary.com/dr7jmnefv/image/upload/v1772854016/tozqjwk3cyu01rnq37ck.jpg","","[]","0","sesi","200000","","MBR - PAKET CANTIK","5","MBR-PCANTIK","SPA MEMBER","9999","698b392f5d46fdbd56a0cf60","2026-02-10T13:57:03.535000","2026-03-07T03:28:05.018000","695f5ad914a7329cff4bfbaf","emakurnia27@gmail.com","false"
"0","true","694cc38feacdffcc010f0d60","https://res.cloudinary.com/dr7jmnefv/image/upload/v1772854104/tkep5kjzg83bqnqd7ook.jpg","","[]","0","sesi","140000","","MBR - PAKET MANIS","5","MBR-PMANIS","SPA MEMBER","998","698b3675618b054fbceae2bf","2026-02-10T13:45:25.368000","2026-03-07T03:28:29.499000","695f5ad914a7329cff4bfbaf","emakurnia27@gmail.com","false"
"0","true","694cc38feacdffcc010f0d60","https://res.cloudinary.com/dr7jmnefv/image/upload/v1772854290/fmeftqydvim2qmebdboq.jpg","","[]","0","sesi","250000","","MBR - PAKET PUTRI","5","MBR-PPUTRI","SPA MEMBER","998","698b35e137317c0bbd4f061e","2026-02-10T13:42:57.334000","2026-03-07T03:31:43.716000","695f5ad914a7329cff4bfbaf","emakurnia27@gmail.com","false"
"0","true","694cc38feacdffcc010f0d60","https://res.cloudinary.com/dr7jmnefv/image/upload/v1770260582/cgoysh5rsws70grxbaer.jpg","penambahan treatment lulur ","[]","0","sesi","50000","","MBR - Tambahan Lulur","5","MBR-TAMBAHLL","SPA MEMBER","998","698407dab92cee1c9103b505","2026-02-05T03:00:42.902000","2026-03-07T07:26:06.081000","695f5ad914a7329cff4bfbaf","emakurnia27@gmail.com","false"
"11000","true","694cc38feacdffcc010f0d60","https://res.cloudinary.com/dr7jmnefv/image/upload/v1772943214/ayocahkmnitwnngmw0ti.jpg","","[]","0","pcs","22000",""," GRAB -  Kunyit Asem 300ml","5","GRB-JAMU5","Jamu","0","6983f95e22a68f5925256378","2026-02-05T01:58:54.759000","2026-03-08T04:13:56.799000","695f5ad914a7329cff4bfbaf","emakurnia27@gmail.com","false"
"0","true","694cc38feacdffcc010f0d60","https://res.cloudinary.com/dr7jmnefv/image/upload/v1770255548/nltdwwbqapf2aonof26k.jpg","","[]","0","pcs","135000","","HERBAL VICHA ","5","HK-VICHA","Herbal Kapsul","0","6982c6c7133201a3cc98f295","2026-02-04T04:10:47.781000","2026-02-05T01:39:15.922000","695f5ad914a7329cff4bfbaf","emakurnia27@gmail.com","false"
"0","true","694cc38feacdffcc010f0d60","https://res.cloudinary.com/dr7jmnefv/image/upload/v1770197685/b4xvgpthclz0b0m4vl3z.jpg","","[]","0","sesi","50000","JAMU KITO","PRIA - PIJAT 30MNT / KEROKAN ","5","PRIAKERIK","Pria","989","6981de21a24ce3cf8fd1351d","2026-02-03T11:38:09.727000","2026-03-07T04:59:43.218000","695f5c850419174df6f63a45","egimariant@gmail.com","false"
"0","true","694cc38feacdffcc010f0d60","https://res.cloudinary.com/dr7jmnefv/image/upload/v1770271171/iu4dxliolakzjzjz31uj.jpg","","[]","0","999pcs","20000","","100 Bunga Telang Kering","5","HH-BGTL","Herbal Healthy","999","6981893ec18687a40f268bea","2026-02-03T05:35:58.869000","2026-02-05T05:59:35.257000","695f5ad914a7329cff4bfbaf","emakurnia27@gmail.com","false"
"120000","true","694cc38feacdffcc010f0d60","https://res.cloudinary.com/dr7jmnefv/image/upload/v1770271259/sbowlflva4pm3rfe8bv7.webp","","[]","0","pcs","150000","","CEK KESEHATAN","5","HH-CEKKS","Herbal Healthy","9999","69815e1a7b67e3d45c459d92","2026-02-03T02:31:54.408000","2026-02-05T06:01:03.758000","695f5ad914a7329cff4bfbaf","emakurnia27@gmail.com","false"
"0","true","694cc38feacdffcc010f0d60","https://images.unsplash.com/photo-1515377905703-c4788e51af15?w=500&q=80","","[]","0","pcs","200000","","PROMO RAMADHAN ","5","MBR-P2","SPA MEMBER","9980","697eda06bb46b86df5276a76","2026-02-01T04:43:50.204000","2026-03-05T08:35:38.279000","695f5c850419174df6f63a45","egimariant@gmail.com","false"
"0","true","694cc38feacdffcc010f0d60","https://res.cloudinary.com/dr7jmnefv/image/upload/v1770254494/ft0ehvm6kv6qbujwy1ap.jpg","","[]","0","sesi","60000","","BEKAM KERING","5","REG-BKK","SPA REGULER","9999","697dea1a7d2021992c50ee83","2026-01-31T11:40:10.999000","2026-03-07T06:02:26.363000","695f5ad914a7329cff4bfbaf","emakurnia27@gmail.com","false"
"25000","true","694cc38feacdffcc010f0d60","https://res.cloudinary.com/dr7jmnefv/image/upload/v1770255842/rshbs9mn5cfjmrlyqwzs.jpg","","[]","0","pcs","35000","","MINYAK URUT 100ml","5","HH-MYK","Herbal Healthy","8","697db1d1b00fcdf6935febba","2026-01-31T07:40:01.158000","2026-02-05T01:44:10.069000","695f5ad914a7329cff4bfbaf","emakurnia27@gmail.com","false"
"0","true","694cc38feacdffcc010f0d60","https://res.cloudinary.com/dr7jmnefv/image/upload/v1770254548/ygwjtsjwg8kknvbpdsz3.jpg","","[]","0","sesi","200000","","PRIA - BEKAM + PIJAT CAPEK","5","PRIA-BKPJ","Pria","9995","697d8adadde051ad5c403b18","2026-01-31T04:53:46.259000","2026-03-07T06:28:31.578000","695f5ad914a7329cff4bfbaf","emakurnia27@gmail.com","false"
"75000","true","694cc38feacdffcc010f0d60","https://res.cloudinary.com/dr7jmnefv/image/upload/v1770272551/pvkqc10kwxx4pelwicao.jpg","","[]","0","pcs","150000","","PRIA - PIJAT ACCUPRESURE","2","PRIA-ACC","Pria","99998","697c483749e896aad994803b","2026-01-30T05:57:11.938000","2026-02-05T06:23:30.697000","695f5ad914a7329cff4bfbaf","emakurnia27@gmail.com","false"
"0","true","694cc38feacdffcc010f0d60","https://images.unsplash.com/photo-1544161515-4ab6ce6db874?w=500&q=80","","[]","0","pcs","100000","JAMU KITO","FEE ROOM VIP","5","VIP","SPA REGULER","9","6978aac3257d33b03f751a45","2026-01-27T12:08:35.700000","2026-03-05T08:33:31.147000","695f5c850419174df6f63a45","egimariant@gmail.com","false"
"0","true","694cc38feacdffcc010f0d60","https://res.cloudinary.com/dr7jmnefv/image/upload/v1772868093/mhszvigbl9ybxzkmlpg6.jpg","","[]","0","sesi","10000","","MBR - GANTI LULUR BOREH","5","MBR-GANTILL","SPA MEMBER","9998","6975ab9bc70e616c5ca259f6","2026-01-25T05:35:23.835000","2026-03-07T07:21:59.519000","695f5ad914a7329cff4bfbaf","emakurnia27@gmail.com","false"
"50000","true","694cc38feacdffcc010f0d60","https://images.unsplash.com/photo-1587556930799-8dca6fad6d41?w=500&q=80","","[]","0","botol","60000","","1 LITER JAMU RACIKAN","5","JAMU-1LRACIKAN","Jamu","990","6970463c89594353b34b6572","2026-01-21T03:21:32.469000","2026-03-05T08:33:39.253000","695f5ad914a7329cff4bfbaf","emakurnia27@gmail.com","false"
"0","true","694cc38feacdffcc010f0d60","https://res.cloudinary.com/dr7jmnefv/image/upload/v1770256595/oqyh8rrbxmtt6m1jikzs.jpg","Paket manja member","[]","0","sesi","160000","","MBR - PAKET MANJA","5","MBR-PMANJA","SPA MEMBER","9998","696dbe684e9135e7653b62fe","2026-01-19T05:17:28.511000","2026-03-07T03:30:20.981000","695f5ad914a7329cff4bfbaf","emakurnia27@gmail.com","false"
"0","true","694cc38feacdffcc010f0d60","https://res.cloudinary.com/dr7jmnefv/image/upload/v1772868150/nlqjzqnakannhzzf8did.jpg","","[]","0","sesi","12000","","GANTI LULUR BOREH","5","REG-GANTILL","SPA REGULER","998","696994af98ad7bc50da2c929","2026-01-16T01:30:23.331000","2026-03-07T07:22:35.787000","695f5ad914a7329cff4bfbaf","emakurnia27@gmail.com","false"
"25000","true","694cc38feacdffcc010f0d60","https://res.cloudinary.com/dr7jmnefv/image/upload/v1772867769/krry1rtuopkhnlyp0cvk.jpg","","[]","0","pcs","50000","jamukito","Lulur Boreh 1 pot","5","HH-BOREH1POT","Herbal Healthy","13","69687391af94b9de8aa3db5a","2026-01-15T04:56:49.132000","2026-03-07T07:17:45.029000","695f5ad914a7329cff4bfbaf","emakurnia27@gmail.com","false"
"0","true","694cc38feacdffcc010f0d60","https://res.cloudinary.com/dr7jmnefv/image/upload/v1772858232/uhzx54gl4w6pmtbmarbu.jpg","","[]","0","pcs","20000","","Rempah Sauna","5","HH-RS","Herbal Healthy","38","696349d3f4e21ea0fbe3748f","2026-01-11T06:57:23.088000","2026-03-07T04:37:20.126000","6953b0f1e26b3ede194dca20","awe251085@gmail.com","false"
"0","true","694cc38feacdffcc010f0d60","https://res.cloudinary.com/dr7jmnefv/image/upload/v1772859447/dzyq0866pezlb4ject05.jpg","","[]","0","sesi","40000","jamu kito","MBR - PIJAT 30MNT / KERIKAN","5","MBR-KERIK","SPA MEMBER","9991","696224b6cfe9dbbd9e89452d","2026-01-10T10:06:46.304000","2026-03-07T04:57:44.640000","695f5c850419174df6f63a45","egimariant@gmail.com","false"
"5000","true","694cc38feacdffcc010f0d60","https://res.cloudinary.com/dr7jmnefv/image/upload/v1773051805/mhunwanx2dcwnkwsamcb.jpg","","[]","0","pcs","10000","","SABUN KULIT TENANG AROMATERAPI","5","HH-BTGAROMA","Herbal Healthy","34","6961b11d4aaf8f41d1bcbe9a","2026-01-10T01:53:33.309000","2026-03-09T10:23:34.405000","6954d047d2b5a5825a4d6d20","serkaybkl@gmail.com","false"
"0","true","694cc38feacdffcc010f0d60","https://res.cloudinary.com/dr7jmnefv/image/upload/v1772859521/c8rhlkpfchrfnrvqdfdl.jpg","","[]","0","sesi","48000","","PIJAT 30MNT / KERIKAN","5","REG-KERIK","SPA REGULER","9985","6960e746b5de3efac70e0341","2026-01-09T11:32:22.958000","2026-03-07T04:58:54.384000","6954d047d2b5a5825a4d6d20","serkaybkl@gmail.com","false"
"0","true","694cc38feacdffcc010f0d60","https://res.cloudinary.com/dr7jmnefv/image/upload/v1771248641/o0bmzl5h9gw0rtvwstmu.jpg","","[]","0","sesi","60000","","Pedi/Menicure","5","REG-PEDIMEDI","SPA REGULER","9994","695fbf30f131d516e5e3cddc","2026-01-08T14:29:04.454000","2026-03-07T07:06:49.819000","6954d047d2b5a5825a4d6d20","serkaybkl@gmail.com","false"
"0","true","694cc38feacdffcc010f0d60","https://res.cloudinary.com/dr7jmnefv/image/upload/v1770627782/bo4mbybpqtl4uqjpmfqj.jpg","","[]","0","sesi","250000","","PRIA - BEKAM + ACCUPRESURE","5","PRIA-BKMACC","Pria","9999","695e002dd1842f982cacb13a","2026-01-07T06:41:49.723000","2026-03-07T06:29:08.878000","6954d047d2b5a5825a4d6d20","serkaybkl@gmail.com","false"
"20000","true","694cc38feacdffcc010f0d60","https://res.cloudinary.com/dr7jmnefv/image/upload/v1770256148/m6sjcrtmxrys9wapwyh5.jpg","","[]","0","pcs","27000","jamu kito","SABUN BATANG KULIT TENANG (GATAL)","5","HH-SGTL","Herbal Healthy","27","695cd57e98439e90ae89618a","2026-01-06T09:27:26.637000","2026-02-05T01:49:13.441000","6951f44b893a16c66db7d78a","akunadmjk@gmail.com","false"
"0","true","694cc38feacdffcc010f0d60","https://res.cloudinary.com/dr7jmnefv/image/upload/v1770254701/udbrslfblrcdgsk7fow0.jpg","","[]","0","sesi","50000","JAMU KITO","MBR - BEKAM KERING","5","MBR -BKERIBG","SPA MEMBER","9999","695cc2c3c9de5268439b0b34","2026-01-06T08:07:31.157000","2026-03-07T06:02:56.619000","6951f44b893a16c66db7d78a","akunadmjk@gmail.com","false"
"0","true","694cc38feacdffcc010f0d60","https://res.cloudinary.com/dr7jmnefv/image/upload/v1771248827/oawp9gmqywxkzrjtyq8e.jpg","","[]","0","sesi","50000","","MBR - Pedi/Menicure","5","MBR-MENI_PEDI","SPA MEMBER","9997","695b6263d186d5acd285c344","2026-01-05T07:04:03.195000","2026-03-07T07:08:05.208000","6954d047d2b5a5825a4d6d20","serkaybkl@gmail.com","false"
"8000","true","694cc38feacdffcc010f0d60","https://images.unsplash.com/photo-1515377905703-c4788e51af15?w=500&q=80","","[]","0","pcs","12500",""," GRAB - Teh Herbal 250ml","5","GRB-TH","GRAB","10","695b5868e26239e2ce6cf73d","2026-01-05T06:21:28.133000","2026-03-05T08:34:30.659000","6954d047d2b5a5825a4d6d20","serkaybkl@gmail.com","false"
"11000","true","694cc38feacdffcc010f0d60","https://res.cloudinary.com/dr7jmnefv/image/upload/v1772943453/oq11dogpv1ppd2s0l9xx.jpg","","[]","0","pcs","22000",""," GRAB - Beras Kencul 300ml","5","GRB-JAMU1","Jamu","8","695b582960acf3fe10d7a55a","2026-01-05T06:20:25.365000","2026-03-08T04:17:46.256000","6954d047d2b5a5825a4d6d20","serkaybkl@gmail.com","false"
"16000","true","694cc38feacdffcc010f0d60","https://images.unsplash.com/photo-1544787219-7f47ccb76574?w=500&q=80","","[]","0","pcs","22000",""," GRAB - Wedang Jahe 300ml","5","GRB-JAMU2","Jamu","0","695b57f2ea729a0c94b66fd4","2026-01-05T06:19:30.464000","2026-03-05T08:34:34.114000","6954d047d2b5a5825a4d6d20","serkaybkl@gmail.com","false"
"16000","true","694cc38feacdffcc010f0d60","https://images.unsplash.com/photo-1587556930799-8dca6fad6d41?w=500&q=80","","[]","0","pcs","22000",""," GRAB - Temulawak 300ml","5","GRB-JAMU3","Jamu","1","695b57c68af68a6bbcb25b1b","2026-01-05T06:18:46.654000","2026-03-17T09:45:13.726000","6954d047d2b5a5825a4d6d20","serkaybkl@gmail.com","false"
"11000","true","694cc38feacdffcc010f0d60","https://images.unsplash.com/photo-1559181567-c3190bfbf4b4?w=500&q=80","","[]","0","pcs","15000","","YOUGURT BABE","5","UMK-YG","Titipan UMKM","11","695b56fbd52d90831b8c5f0f","2026-01-05T06:15:23.786000","2026-03-05T08:34:38.072000","6954d047d2b5a5825a4d6d20","serkaybkl@gmail.com","false"
"5000","true","694cc38feacdffcc010f0d60","https://images.unsplash.com/photo-1556679343-c7306c1976bc?w=500&q=80","","[]","0","pcs","10000","jamu kito","Teh Herbal ","5","TEH","Jamu","10","695b56a6ed81734f6b2608b3","2026-01-05T06:13:58.984000","2026-03-18T12:55:49.745000","6954d047d2b5a5825a4d6d20","serkaybkl@gmail.com","false"
"11000","true","694cc38feacdffcc010f0d60","https://res.cloudinary.com/dr7jmnefv/image/upload/v1772943487/ornn9rsoxqvmbvopns4b.jpg","","[]","0","pcs","22000",""," GRAB - Lemon Grass 300ml","5","GRB-JAMU4","Jamu","58","695b565ff5ee329855e17f1e","2026-01-05T06:12:47.075000","2026-03-24T03:30:48.204000","6954d047d2b5a5825a4d6d20","serkaybkl@gmail.com","false"
"0","true","694cc38feacdffcc010f0d60","https://res.cloudinary.com/dr7jmnefv/image/upload/v1772864715/cnqxrykjnjsb2wvyrwb9.jpg","","[]","0","sesi","144000","","Pijat Tradisional 1,5 Jam","5","REG-1,5JAM","SPA REGULER","9930","695b4dad37a9a2c8a89192cc","2026-01-05T05:35:41.389000","2026-03-07T06:26:07.668000","6954d047d2b5a5825a4d6d20","serkaybkl@gmail.com","false"
"10000","true","694cc38feacdffcc010f0d60","https://images.unsplash.com/photo-1616683693504-3ea7e9ad6fec?w=500&q=80","","[]","0","pcs","35000","jamu kito","INAI CHERRY","5","INAI-C","BEAUTY","5","695b3286dcd97ecfb550f70c","2026-01-05T03:39:50.268000","2026-03-05T08:34:45.623000","6954d047d2b5a5825a4d6d20","serkaybkl@gmail.com","false"
"10000","true","694cc38feacdffcc010f0d60","https://images.unsplash.com/photo-1631730486784-74757bc47f09?w=500&q=80","","[]","0","pcs","35000","","INAI MAROON","5","INAI-M","BEAUTY","17","695b3268329045764001ddc7","2026-01-05T03:39:20.120000","2026-03-05T08:34:50.072000","6954d047d2b5a5825a4d6d20","serkaybkl@gmail.com","false"
"30000","true","694cc38feacdffcc010f0d60","https://res.cloudinary.com/dr7jmnefv/image/upload/v1773051831/i1zddle1cmo0gu1101ob.jpg","","[]","0","pcs","60000","","SABUN CAIR KULIT TENANG 350ML","5","HH-CAIR350","Herbal Healthy","1","695b2fcd7f881f36f86df5c8","2026-01-05T03:28:13.759000","2026-03-09T10:23:57.954000","6954d047d2b5a5825a4d6d20","serkaybkl@gmail.com","false"
"25000","true","694cc38feacdffcc010f0d60","https://res.cloudinary.com/dr7jmnefv/image/upload/v1773051766/drhx8yflnva5vsyozg7z.jpg","","[]","0","pcs","50000","","Peluntur Lemak","5","HH-PLMK","Herbal Healthy","50","695b2cb4093218bc3fd799e0","2026-01-05T03:15:00.219000","2026-03-09T10:23:00.742000","6954d047d2b5a5825a4d6d20","serkaybkl@gmail.com","false"
"50000","true","694cc38feacdffcc010f0d60","https://images.unsplash.com/photo-1603048588665-791ca8aea617?w=500&q=80","","[]","0","pcs","100000","","Rapet Wangi","5","RPTWNGI","Herbal Healthy","22","695b2b50031330c122ad3da6","2026-01-05T03:09:04.673000","2026-03-05T08:35:42.180000","6954d047d2b5a5825a4d6d20","serkaybkl@gmail.com","false"
"100000","true","694cc38feacdffcc010f0d60","https://images.unsplash.com/photo-1607619056574-7b8d3ee536b2?w=500&q=80","","[]","0","pcs","135000","","GAMAT KAPSUL","5","GMT-KP","","3","695b2878d94783c9c24c2cd1","2026-01-05T02:56:56.496000","2026-03-05T08:35:46.729000","6954d047d2b5a5825a4d6d20","serkaybkl@gmail.com","false"
"10000","true","694cc38feacdffcc010f0d60","https://images.unsplash.com/photo-1615485500704-8e990f9900f7?w=500&q=80","","[]","0","pcs","30000","jamu kito","BERAS ANGKAK","5","ANGKAK","Herbal Healthy","10","695b2793263245da21ad13d5","2026-01-05T02:53:07.284000","2026-03-05T08:35:46.908000","6954d047d2b5a5825a4d6d20","serkaybkl@gmail.com","false"
"58000","true","694cc38feacdffcc010f0d60","https://images.unsplash.com/photo-1471864190281-a93a3070b6de?w=500&q=80","","[]","0","pcs","75000","","NIFAS KAPSUL","5","NF-KP","Herbal Kapsul","12","695b2096d28ed62c65e67f8f","2026-01-05T02:23:18.907000","2026-03-05T08:35:48.459000","6954d047d2b5a5825a4d6d20","serkaybkl@gmail.com","false"
"58000","true","694cc38feacdffcc010f0d60","https://images.unsplash.com/photo-1609205807107-2fd9f40bbcab?w=500&q=80","","[]","0","pcs","75000","","PETRA KAPSUL","5","PRT-KP","Herbal Kapsul","11","695b204fec73b311f2bf19dc","2026-01-05T02:22:07.259000","2026-03-05T08:35:49.660000","6954d047d2b5a5825a4d6d20","serkaybkl@gmail.com","false"
"58000","true","694cc38feacdffcc010f0d60","https://images.unsplash.com/photo-1559056961-1f0a8d8f51c8?w=500&q=80","","[]","0","pcs","75000","","PEPSI KAPSUL","5","PPS-KP","Herbal Kapsul","10","695b1ff28a9e8f7e6da9fab7","2026-01-05T02:20:34.171000","2026-03-05T08:35:51.555000","6954d047d2b5a5825a4d6d20","serkaybkl@gmail.com","false"
"10000","true","694cc38feacdffcc010f0d60","https://res.cloudinary.com/dr7jmnefv/image/upload/v1772943522/cxdsgsloi83pfg153ywl.jpg","","[]","0","pcs","20000","Jamu Kito","Lemon Grass 300ml","5","JAMU-LEMON","Jamu","60","695a524eaed7abfb70c5cebb","2026-01-04T11:43:10.921000","2026-03-24T03:30:24.516000","6951f44b893a16c66db7d78a","akunadmjk@gmail.com","false"
"0","true","694cc38feacdffcc010f0d60","https://res.cloudinary.com/dr7jmnefv/image/upload/v1772868514/h2cmxxg4qjli5jl2uvmh.jpg","","[]","0","pcs","10000","JAMU KITO","ADMIN KARTU BRONZE","5","MBR-ADMKARTU","SPA MEMBER","993","695a4ac9e5750ce9b858dd47","2026-01-04T11:11:05.175000","2026-03-07T07:28:47.420000","6951f44b893a16c66db7d78a","akunadmjk@gmail.com","false"
"32000","true","694cc38feacdffcc010f0d60","https://images.unsplash.com/photo-1565299507177-b0ac66763828?w=500&q=80","","[]","0","pcs","75000","JAMU KITO","OSTON KAPSUL","5","KP-OSTON","Herbal Kapsul","4","695a3a6b3b5922e1cbace4ee","2026-01-04T10:01:15.800000","2026-03-05T08:36:02.732000","6951f44b893a16c66db7d78a","akunadmjk@gmail.com","false"
"0","true","694cc38feacdffcc010f0d60","https://images.unsplash.com/photo-1559839734-2b71ea197ec2?w=500&q=80","","[]","0","pcs","2000","JAMU KITO","AIR BIO TIHEAL","5","AIR","Herbal Healthy","42","695a34019a56634b95bc3cf4","2026-01-04T09:33:53.562000","2026-03-05T08:36:06.242000","6951f44b893a16c66db7d78a","akunadmjk@gmail.com","false"
"0","true","694cc38feacdffcc010f0d60","https://images.unsplash.com/photo-1608248543803-ba4f8c70ae0b?w=500&q=80","","[]","0","pcs","25000","","Cebokan Herbal","5","CH","Herbal Healthy","14","6959f0b3e92a0dffe5b201f6","2026-01-04T04:46:43.178000","2026-03-05T08:36:09.619000","6954d047d2b5a5825a4d6d20","serkaybkl@gmail.com","false"
"0","true","694cc38feacdffcc010f0d60","","","[]","0","pcs","85000","","Kitobumin","5","KBM","Herbal Kapsul","15","6959ce21751ac57b051fade7","2026-01-04T02:19:13.170000","2026-01-04T02:19:13.170000","6954d047d2b5a5825a4d6d20","serkaybkl@gmail.com","false"
"0","true","694cc38feacdffcc010f0d60","https://res.cloudinary.com/dr7jmnefv/image/upload/v1770257456/dsggu0ysxe520p05bvpf.jpg","","[]","0","sesi","24000","JAMU KITO","TAMBAH 3 TITIK BEKAM","5","REG-3TITIK","SPA REGULER","983","6958fd26265ab6509ac05a88","2026-01-03T11:27:34.929000","2026-03-07T06:30:07.156000","6951f44b893a16c66db7d78a","akunadmjk@gmail.com","false"
"58000","true","694cc38feacdffcc010f0d60","","","[]","0","pcs","75000","","VICHA KAPSUL","5","VC-KP","Herbal Kapsul","9","6958a23d52f08e8baf4ca5a7","2026-01-03T04:59:41.491000","2026-01-26T12:31:41.899000","6954d047d2b5a5825a4d6d20","serkaybkl@gmail.com","false"
"67500","true","694cc38feacdffcc010f0d60","https://res.cloudinary.com/dr7jmnefv/image/upload/v1773051675/mzip4ejh98iqsbsvbst2.jpg","","[]","0","pcs","135000","","Herbal Mytera","5","HM","Herbal Kapsul","12","6958a1a4f6f55eb4a09b0631","2026-01-03T04:57:08.775000","2026-03-09T10:21:29.176000","6954d047d2b5a5825a4d6d20","serkaybkl@gmail.com","false"
"67500","true","694cc38feacdffcc010f0d60","https://res.cloudinary.com/dr7jmnefv/image/upload/v1772951056/z3xxbqwjdnmwpauwkc7j.jpg","","[]","0","pcs","135000","","ONKOU KAPSUL","5","KAPSUL-ONK","Herbal Kapsul","10","6958940ca2be11bfc921bf5d","2026-01-03T03:59:08.567000","2026-03-08T06:24:36.049000","6954d047d2b5a5825a4d6d20","serkaybkl@gmail.com","false"
"15000","true","694cc38feacdffcc010f0d60","https://res.cloudinary.com/dr7jmnefv/image/upload/v1773051850/kfimdbgby0emndjrvgvm.jpg","","[]","0","pcs","30000","","SABUN CAIR KULIT TENANG 100ML","5","HH-CAIR100","Herbal Healthy","15","695893ba3bccabe65ffdbddf","2026-01-03T03:57:46.109000","2026-03-24T08:53:58.819000","6954d047d2b5a5825a4d6d20","serkaybkl@gmail.com","false"
"0","true","694cc38feacdffcc010f0d60","https://res.cloudinary.com/dr7jmnefv/image/upload/v1772854323/fjkkcwz4xmuya5aoggwk.jpg","","[]","0","sesi","350000","Jamu Kito","MBR - PAKET RATU","5","MBR-PRATU","SPA MEMBER","9999","69587ef9bdd7fd6dcd44ba6b","2026-01-03T02:29:13.727000","2026-03-07T03:32:38.807000","6954d047d2b5a5825a4d6d20","serkaybkl@gmail.com","false"
"0","true","694cc38feacdffcc010f0d60","","","[]","0","pcs","5000","","Racikan Herbal","5","RH","Jamu","999","6957ca8c76b877997d33d097","2026-01-02T13:39:24.164000","2026-01-16T09:54:03.550000","6954d047d2b5a5825a4d6d20","serkaybkl@gmail.com","false"
"25000","true","694cc38feacdffcc010f0d60","","","[]","0","pcs","50000","","JAMU ORI 1 LITER","5","JAMU-1L","Jamu","999","6957c8c7cd3915f4dfb016c0","2026-01-02T13:31:51.137000","2026-02-21T13:37:02.491000","6954d047d2b5a5825a4d6d20","serkaybkl@gmail.com","false"
"0","true","694cc38feacdffcc010f0d60","https://res.cloudinary.com/dr7jmnefv/image/upload/v1772868316/vvn40g4mucwkk1jlt8ht.jpg","","[]","0","sesi","60000","","Tambahan Lulur","5","REG-TAMBAHLL","SPA REGULER","9998","6957759de889ec464266a476","2026-01-02T07:37:01.627000","2026-03-07T07:25:28.475000","6954d047d2b5a5825a4d6d20","serkaybkl@gmail.com","false"
"0","true","694cc38feacdffcc010f0d60","https://res.cloudinary.com/dr7jmnefv/image/upload/v1772868979/vpqmpek0n7xlxtnbifls.jpg","","[]","0","sesi","180000","","Hot Stone Massage","5","REG-HOTSTONE","SPA REGULER","9994","695774ddf553aa2fb9523056","2026-01-02T07:33:49.143000","2026-03-07T07:36:34.879000","6954d047d2b5a5825a4d6d20","serkaybkl@gmail.com","false"
"0","true","694cc38feacdffcc010f0d60","https://res.cloudinary.com/dr7jmnefv/image/upload/v1770627500/bljcgexu01e6yler9ifb.jpg","","[]","0","pcs","100000","","PRIA - PIJAT CAPEK 1 JAM","5","PRIACAPEK","Pria","9999","69575b683170643bf38a8436","2026-01-02T05:45:12.561000","2026-02-09T08:58:26.014000","6954d047d2b5a5825a4d6d20","serkaybkl@gmail.com","false"
"0","true","694cc38feacdffcc010f0d60","https://res.cloudinary.com/dr7jmnefv/image/upload/v1770257484/zesmqvncyxtrpc4j7zqa.jpg","","[]","0","sesi","20000","JAMU KITO","MBR - Tambahan 3 Titik Bekam ","5","MBR-3TITIK","SPA MEMBER","989","695742cccb37b2eac0e4a059","2026-01-02T04:00:12.512000","2026-03-07T06:30:24.788000","6954d047d2b5a5825a4d6d20","serkaybkl@gmail.com","false"
"10000","true","694cc38feacdffcc010f0d60","","","[]","0","pcs","15000","jamu kito","Jusbeet ","5","Jusbeet ","Jamu","100000000000000020","6956ab1552147f9624dd9566","2026-01-01T17:12:53.957000","2026-01-06T01:24:13.775000","694cc3048109b291dcf39d6e","sirajnurihrom@gmail.com","false"
"10000","true","694cc38feacdffcc010f0d60","https://res.cloudinary.com/dr7jmnefv/image/upload/v1772943259/pvvltontoxn3dzpvvmi2.jpg","","[]","0","pcs","20000","Jamu Kito","Kunyit Asem 300ml","5","JAMU-KUNYIT","Jamu","12","6956791b4870ab2d8f5008ca","2026-01-01T13:39:39.967000","2026-03-08T04:15:18.389000","6954d047d2b5a5825a4d6d20","serkaybkl@gmail.com","false"
"58000","true","694cc38feacdffcc010f0d60","","","[]","0","pcs","75000","","PERTASI KAPSUL","5","PRTS-KP","Herbal Kapsul","8","69566530e61074db5c7ba382","2026-01-01T12:14:40.188000","2026-01-05T02:21:23.266000","6954d047d2b5a5825a4d6d20","serkaybkl@gmail.com","false"
"10000","true","694cc38feacdffcc010f0d60","","","[]","0","pcs","20000","JAMU KITO","Temulawak 300ml","5","TL01","Jamu","11","69563a3d8e72b194b99e7aaa","2026-01-01T09:11:25.638000","2026-02-21T13:38:06.278000","6954d047d2b5a5825a4d6d20","serkaybkl@gmail.com","false"
"10000","true","694cc38feacdffcc010f0d60","https://res.cloudinary.com/dr7jmnefv/image/upload/v1772943336/oylatuotfndhwvoltulq.jpg","","[]","0","pcs","20000","Jamu kito","Beras Kencur 300ml","5","JAMU-KENCUR","Jamu","10","695620b1da415b1afd5f06e7","2026-01-01T07:22:25.712000","2026-03-08T04:17:00.045000","6954d047d2b5a5825a4d6d20","serkaybkl@gmail.com","false"
"0","true","694cc38feacdffcc010f0d60","https://res.cloudinary.com/dr7jmnefv/image/upload/v1772854417/kulrm3y3idskrq2jy63m.jpg","","[]","0","sesi","420000","","PAKET RATU","5","REG-PRATU","SPA REGULER","992","69561ccc72102e43b56d093b","2026-01-01T07:05:48.651000","2026-03-07T03:33:41.261000","6954d047d2b5a5825a4d6d20","serkaybkl@gmail.com","false"
"0","true","694cc38feacdffcc010f0d60","https://res.cloudinary.com/dr7jmnefv/image/upload/v1772854254/egdjcm7dsppavoowp12g.jpg","","[]","0","sesi","300000","JAMU KITO","PAKET PUTRI","5","REG-PPUTRI","SPA REGULER","997","69561ca1640f550a72f42dca","2026-01-01T07:05:05.880000","2026-03-07T03:31:16.021000","6954d047d2b5a5825a4d6d20","serkaybkl@gmail.com","false"
"0","true","694cc38feacdffcc010f0d60","https://res.cloudinary.com/dr7jmnefv/image/upload/v1772854037/iz6iua8tdde9kqsmtvml.jpg","","[]","0","sesi","240000","JAMU KITO","PAKET CANTIK","5","REG-PCANTIK","SPA REGULER","993","69561c66b09d61217e0cf8e9","2026-01-01T07:04:06.667000","2026-03-07T03:27:49.683000","6954d047d2b5a5825a4d6d20","serkaybkl@gmail.com","false"
"0","true","694cc38feacdffcc010f0d60","https://res.cloudinary.com/dr7jmnefv/image/upload/v1770256655/vyj3nuddk2jzbhgrtnt7.jpg","","[]","0","sesi","192000","JAMU KITO","PAKET MANJA","5","REG-PMANJA","SPA REGULER","993","69561c0ae1cdad08320124ac","2026-01-01T07:02:34.690000","2026-03-07T03:30:07.874000","6954d047d2b5a5825a4d6d20","serkaybkl@gmail.com","false"
"0","true","694cc38feacdffcc010f0d60","https://res.cloudinary.com/dr7jmnefv/image/upload/v1772854160/bd1tnbrjganrydkla2t4.jpg","","[]","0","sesi","168000","JAMU KITO","PAKET MANIS","5","REG-PMANIS","SPA REGULER","999","69561bd46448f3c5484efdaa","2026-01-01T07:01:40.671000","2026-03-07T03:29:27.714000","6954d047d2b5a5825a4d6d20","serkaybkl@gmail.com","false"
"0","true","694cc38feacdffcc010f0d60","https://res.cloudinary.com/dr7jmnefv/image/upload/v1772868796/jf94qor1psx9snnkumxl.jpg","","[]","0","pcs","120000","JAMU KITO","MBR - Pijat + Kerik ","5","MBR-PIKER","SPA MEMBER","995","69561b2487136d6eb84bea77","2026-01-01T06:58:44.996000","2026-03-07T07:33:40.143000","6951f44b893a16c66db7d78a","akunadmjk@gmail.com","false"
"0","true","694cc38feacdffcc010f0d60","https://res.cloudinary.com/dr7jmnefv/image/upload/v1772868879/oav6hxnfrn4qsz4eu3sp.jpg","","[]","0","sesi","144000","JAMU KITO","Pijat + Kerik ","5","REG-PIKER","SPA REGULER","979","69561a65e0f45ba5622745ad","2026-01-01T06:55:33.084000","2026-03-07T07:34:54.464000","6951f44b893a16c66db7d78a","akunadmjk@gmail.com","false"
"0","true","694cc38feacdffcc010f0d60","https://res.cloudinary.com/dr7jmnefv/image/upload/v1772859332/imaa17meb75jnevy0umv.jpg","","[]","0","sesi","192000","JAMU KITO","Pijat Tradisional 2 Jam ","5","REG-2JAM","SPA REGULER","9967","695619c787136d6eb84be9e6","2026-01-01T06:52:55.511000","2026-03-07T04:55:48.537000","6951f44b893a16c66db7d78a","akunadmjk@gmail.com","false"
"0","true","694cc38feacdffcc010f0d60","https://res.cloudinary.com/dr7jmnefv/image/upload/v1772859316/flna0dsm3whgiraixrac.jpg","","[]","0","sesi","160000","Jamu Kito","MBR - Pijat Tradisional 2 Jam","5","MBR-2JAM","SPA MEMBER","984","69560d6d24fde34bdab8579c","2026-01-01T06:00:13.975000","2026-03-07T04:55:19.923000","6951f44b893a16c66db7d78a","akunadmjk@gmail.com","false"
"0","true","694cc38feacdffcc010f0d60","https://res.cloudinary.com/dr7jmnefv/image/upload/v1772859269/iug9vaakwu3jymrct9gr.jpg","","[]","0","sesi","120000","Jamu Kito","MBR - Pijat Tradisional 1,5 jam ","5","MBR-1,5JAM","SPA MEMBER","969","69560990eec7b5368a821f67","2026-01-01T05:43:44.504000","2026-03-07T06:27:33.153000","6951f44b893a16c66db7d78a","akunadmjk@gmail.com","false"
"0","true","694cc38feacdffcc010f0d60","","","[]","0","pcs","135000","JAMU KITO","Promo Januari","0","SPA","SPA MEMBER","993","695600758801b26c13deda86","2026-01-01T05:04:53.469000","2026-02-16T12:23:03.817000","6951f44b893a16c66db7d78a","akunadmjk@gmail.com","false"
"0","true","694cc38feacdffcc010f0d60","https://res.cloudinary.com/dr7jmnefv/image/upload/v1772869015/ueakfz3ww10dvmpeekaw.jpg","","[]","0","sesi","150000","JAMU KITO","MBR - Hot Stone Massage","5","MBR-HOTSTONE","SPA MEMBER","9999","6955f51736177567fa9ca04f","2026-01-01T04:16:23.501000","2026-03-07T07:37:03.514000","6951f44b893a16c66db7d78a","akunadmjk@gmail.com","false"
"30000","true","694cc38feacdffcc010f0d60","","Madu murni 100% alami. Kaya nutrisi, enzim, dan antioksidan untuk meningkatkan imunitas dan energi","[]","0","btl","60000","","Madu Murni 350ml","5","JK-HONEY-350","Madu","6","6955d25a74859f8df2b22860","2026-01-01T01:48:10.393000","2026-02-16T12:25:45.665000","694cc3048109b291dcf39d6e","sirajnurihrom@gmail.com","false"
"0","true","694cc38feacdffcc010f0d60","https://res.cloudinary.com/dr7jmnefv/image/upload/v1772855502/bbjchdaxtxltr1tgz6xj.jpg","Perawatan masker rambut untuk nutrisi dan kelembutan rambut","[]","0","sesi","35000","","MBR - Masker Rambut","1","MBR-HAIRMASK","SPA MEMBER","999","6955d255f252ef47b7b1b93f","2026-01-01T01:48:05.258000","2026-03-07T03:52:11.714000","694cc3048109b291dcf39d6e","sirajnurihrom@gmail.com","false"
"0","true","694cc38feacdffcc010f0d60","https://res.cloudinary.com/dr7jmnefv/image/upload/v1772855862/t2ua1cknapr8lsk57kji.jpg","Terapi pembersihan telinga dengan lilin aromaterapi","[]","0","sesi","35000","","MBR - Ear Candle","1","MBR-EARCANDLE","SPA MEMBER","1000","6955d253c6c6d502c7cadac5","2026-01-01T01:48:03.769000","2026-03-07T03:57:50.613000","694cc3048109b291dcf39d6e","sirajnurihrom@gmail.com","false"
"0","true","694cc38feacdffcc010f0d60","https://res.cloudinary.com/dr7jmnefv/image/upload/v1772856530/gly7fqwattuoi8d9dng8.jpg","Perawatan tradisional untuk kesehatan area kewanitaan","[]","0","sesi","40000","","MBR - RATUS V","1","MBR-RATUSV","SPA MEMBER","999","6955d252bcf4edc873715f8f","2026-01-01T01:48:02.300000","2026-03-07T04:09:02.762000","694cc3048109b291dcf39d6e","sirajnurihrom@gmail.com","false"
"0","true","694cc38feacdffcc010f0d60","https://res.cloudinary.com/dr7jmnefv/image/upload/v1772855936/m7s1ulbnwrhordqmjjae.jpg","Perawatan rambut dan kulit kepala dengan krim nutrisi","[]","0","sesi","50000","jamu kito","MBR - Creambath","1","MBR-CREAMBATH","SPA MEMBER","9996","6955d24f7f0d19bbe83b3bc7","2026-01-01T01:47:59.287000","2026-03-07T03:59:24.506000","694cc3048109b291dcf39d6e","sirajnurihrom@gmail.com","false"
"0","true","694cc38feacdffcc010f0d60","https://res.cloudinary.com/dr7jmnefv/image/upload/v1772858255/ojqfglahhcskpq4kxhmh.jpg","Sauna dengan rempah tradisional untuk detoksifikasi tubuh","[]","0","sesi","60000","","MBR - Sauna Rempah","1","MBR-SAUNA","SPA MEMBER","999","6955d24da837990e2e49ef61","2026-01-01T01:47:57.262000","2026-03-07T04:38:02.925000","694cc3048109b291dcf39d6e","sirajnurihrom@gmail.com","false"
"0","true","694cc38feacdffcc010f0d60","https://res.cloudinary.com/dr7jmnefv/image/upload/v1772858610/vavwqru5qevzhgviynzq.jpg","Pijat wajah tradisional untuk mengencangkan dan meremajakan kulit wajah","[]","0","sesi","60000","","MBR - Totok Wajah","1","MBR-TOJA","SPA MEMBER","991","6955d24b59d323221f5b9aca","2026-01-01T01:47:55.829000","2026-03-07T04:43:36.795000","694cc3048109b291dcf39d6e","sirajnurihrom@gmail.com","false"
"0","true","694cc38feacdffcc010f0d60","https://res.cloudinary.com/dr7jmnefv/image/upload/v1772859201/dbp9hmsnvxvgwxfsfiqw.jpg","Pijat tradisional seluruh tubuh selama 1 jam untuk relaksasi dan melancarkan peredaran darah","[]","0","sesi","80000","Jamu Kito","MBR - Pijat Tradisional 1 Jam","1","MBR-1JAM","SPA MEMBER","983","6955d24949d99037a557fd11","2026-01-01T01:47:53.347000","2026-03-07T04:53:36.629000","694cc3048109b291dcf39d6e","sirajnurihrom@gmail.com","false"
"0","true","694cc38feacdffcc010f0d60","https://res.cloudinary.com/dr7jmnefv/image/upload/v1772863017/x9ofniq3hxxxlsvairve.jpg","Pijat refleksi kaki pada titik-titik saraf untuk melancarkan peredaran darah","[]","0","sesi","80000","","MBR - Refleksi Kaki","1","MBR-REFKAKI","SPA MEMBER","999","6955d2480f0e700c50cd1a91","2026-01-01T01:47:52.523000","2026-03-07T05:57:32.643000","694cc3048109b291dcf39d6e","sirajnurihrom@gmail.com","false"
"0","true","694cc38feacdffcc010f0d60","https://res.cloudinary.com/dr7jmnefv/image/upload/v1772166134/f2zs3vvb5cqfduyvafm4.jpg","Terapi bekam untuk melancarkan peredaran darah dan meningkatkan imunitas","[]","0","sesi","90000","","MBR - Bekam Sunnah","1","MBR-BEKAM","SPA MEMBER","998","6955d247600e24446d566cbd","2026-01-01T01:47:51.766000","2026-03-07T06:30:57.893000","694cc3048109b291dcf39d6e","sirajnurihrom@gmail.com","false"
"90000","true","694cc38feacdffcc010f0d60","https://res.cloudinary.com/dr7jmnefv/image/upload/v1772865965/m7ig5n76tr1olfhqpemd.jpg","Pijat totok pada punggung untuk meredakan pegal dan melancarkan energi","[]","0","sesi","90000","","MBR - Totok Punggung","1","MBR-TOPUNG","SPA MEMBER","9996","6955d246246c79f0fef59880","2026-01-01T01:47:50.991000","2026-03-07T06:46:12.297000","694cc3048109b291dcf39d6e","sirajnurihrom@gmail.com","false"
"0","true","694cc38feacdffcc010f0d60","https://res.cloudinary.com/dr7jmnefv/image/upload/v1771248735/ixbkpf4qrblvy3vw8mbc.jpg","Perawatan kuku tangan dan kaki lengkap","[]","0","sesi","100000","JAMU KITO","MBR - Menipedicure","1","MBR-MENIPEDI","SPA MEMBER","998","6955d246bc401734f0448e9e","2026-01-01T01:47:50.270000","2026-03-07T07:08:24.964000","694cc3048109b291dcf39d6e","sirajnurihrom@gmail.com","false"
"0","true","694cc38feacdffcc010f0d60","https://res.cloudinary.com/dr7jmnefv/image/upload/v1772868055/h5z81rbsxbygysgrfbrg.jpg","Pijat tradisional dengan lulur untuk kulit lebih halus dan lembut","[]","0","sesi","100000","","MBR - Massage Lulur","1","MBR-PILURAROMA","SPA MEMBER","9994","6955d245e64ce13e998d6d1d","2026-01-01T01:47:49.395000","2026-03-07T07:21:08.308000","694cc3048109b291dcf39d6e","sirajnurihrom@gmail.com","false"
"0","true","694cc38feacdffcc010f0d60","https://res.cloudinary.com/dr7jmnefv/image/upload/v1772858929/wejspabjxcmyuhbb8r2a.jpg","Perawatan wajah lengkap untuk kulit wajah lebih cerah dan bersih","[]","0","sesi","100000","","Facial","1","MBR-FACIAL","SPA MEMBER","999","6955d2440d5846e6493382c3","2026-01-01T01:47:48.544000","2026-03-07T04:49:04.977000","694cc3048109b291dcf39d6e","sirajnurihrom@gmail.com","false"
"0","true","694cc38feacdffcc010f0d60","https://res.cloudinary.com/dr7jmnefv/image/upload/v1772867952/xjajm4nkx8ysnot0jpet.jpg","Pijat dengan lulur dan boreh rempah untuk menghangatkan tubuh dan detoksifikasi","[]","0","sesi","110000","","MBR - Massage Lulur Boreh","1","MBR-PILURBOREH","SPA MEMBER","9997","6955d243535972b56f5e13a1","2026-01-01T01:47:47.842000","2026-03-07T07:19:22.315000","694cc3048109b291dcf39d6e","sirajnurihrom@gmail.com","false"
"0","true","694cc38feacdffcc010f0d60","https://res.cloudinary.com/dr7jmnefv/image/upload/v1772858691/uqbxqzvtzrlqzreuifop.jpg","Kombinasi totok wajah dan facial untuk hasil maksimal. Wajah lebih kencang dan cerah","[]","0","sesi","150000","","MBR - Totok Wajah + Facial","1","MBR-TOJAFACIAL","SPA MEMBER","998","6955d2430e16017befd7dca1","2026-01-01T01:47:47.056000","2026-03-07T04:45:02.570000","694cc3048109b291dcf39d6e","sirajnurihrom@gmail.com","false"
"0","true","694cc38feacdffcc010f0d60","https://res.cloudinary.com/dr7jmnefv/image/upload/v1772863090/yw1hvflgvelxhobkano1.jpg","Kombinasi pijat full body dan refleksi kaki untuk relaksasi maksimal","[]","0","sesi","150000","jamu kito","MBR - Pijat + Refleksi","2","MBR-PIREKFLX","SPA MEMBER","995","6955d24259d323221f5b9ac9","2026-01-01T01:47:46.222000","2026-03-07T05:58:38.759000","694cc3048109b291dcf39d6e","sirajnurihrom@gmail.com","false"
"0","true","694cc38feacdffcc010f0d60","https://res.cloudinary.com/dr7jmnefv/image/upload/v1772865186/ikcv3tkh22ob9flnet1t.jpg","Paket lengkap bekam dengan pijat/totok untuk kesehatan optimal","[]","0","sesi","160000","","MBR - Bekam + Urut/Totok","1","MBR-BEKAMURUT","SPA MEMBER","9991","6955d2417d3f9dcfae57d7ee","2026-01-01T01:47:45.422000","2026-03-07T06:33:23.543000","694cc3048109b291dcf39d6e","sirajnurihrom@gmail.com","false"
"100000","true","694cc38feacdffcc010f0d60","","herbal untuk ambeien","[]","0","btl","135000","","AIMOROIDDES KAPSUL","5","AIM-KP","Herbal Kapsul","8","6955d23f7f0d19bbe83b3bbc","2026-01-01T01:47:43.661000","2026-01-05T02:25:56.773000","694cc3048109b291dcf39d6e","sirajnurihrom@gmail.com","false"
"0","true","694cc38feacdffcc010f0d60","","herbal untk bantu lancarkan asi","[]","0","btl","75000","jamu kito","BOOSTER ASI KAPSUL","5","KP-BOOSTASI_Online","Herbal Kapsul","9","6955d23ef0d6df11b06bb097","2026-01-01T01:47:42.829000","2026-01-04T09:28:16.087000","694cc3048109b291dcf39d6e","sirajnurihrom@gmail.com","false"
"0","true","694cc38feacdffcc010f0d60","","","[]","0","btl","135000","jamu kito","MOMSKY BOOSTER ASI KAPSUL","5","KP-MSKYASI_Online","Herbal Kapsul","7","6955d23ee23a2dbff5aa94c9","2026-01-01T01:47:42.492000","2026-01-04T09:27:37.374000","694cc3048109b291dcf39d6e","sirajnurihrom@gmail.com","false"
"0","true","694cc38feacdffcc010f0d60","","kelor","[]","0","btl","75000","jamu kito","KELORAVIT KAPSUL","5","KP-KLRV_Online","Herbal Kapsul","10","6955d23c763b8277fed2c54f","2026-01-01T01:47:40.952000","2026-01-04T09:26:14.793000","694cc3048109b291dcf39d6e","sirajnurihrom@gmail.com","false"
"26000","true","694cc38feacdffcc010f0d60","","untuk ambeien","[]","0","pcs","40000","","AIMOROIDDES BUBUK","5","AIM-BBK","Herbal Bubuk","5","6955d23c8801b26c13dea815","2026-01-01T01:47:40.161000","2026-02-28T09:00:17.700000","694cc3048109b291dcf39d6e","sirajnurihrom@gmail.com","false"
"26000","true","694cc38feacdffcc010f0d60","","berkhasiat untuk menambah produksi asi","[]","0","pcs","40000","","BOOSTER ASI BUBUK","5","BSAS-BBK","Herbal Bubuk","10","6955d23a29c147e53619fdb9","2026-01-01T01:47:38.980000","2026-02-28T09:00:43.309000","694cc3048109b291dcf39d6e","sirajnurihrom@gmail.com","false"
"25000","true","694cc38feacdffcc010f0d60","","","[]","0","pcs","50000","JAMU KITO","BUBUK SARI TEMULAWAK AREN","5","BBK-TEMULAWAK_Online","Herbal Bubuk","5","6955d231887879adb0ad90c5","2026-01-01T01:47:29.548000","2026-02-03T06:18:10.691000","694cc3048109b291dcf39d6e","sirajnurihrom@gmail.com","false"
"25000","true","694cc38feacdffcc010f0d60","","","[]","0","pcs","50000","","TEH EMPON-EMPON","5","BBK-EMPON-EMPON_Online","Herbal Bubuk","8","6955d230db0e979fbfd12112","2026-01-01T01:47:28.026000","2026-01-29T09:58:45.467000","694cc3048109b291dcf39d6e","sirajnurihrom@gmail.com","false"
"0","true","694cc38feacdffcc010f0d60","https://res.cloudinary.com/dr7jmnefv/image/upload/v1771249223/zqxmzfjzjkbeqxiff1sp.jpg","","[]","0","sesi","30000","JAMU KITO","MBR - Masker Full Body","5","MBR-BODYMASK","SPA MEMBER","998","6955d0901d45e41bcebb6451","2026-01-01T01:40:32.760000","2026-03-07T03:34:39.853000","6951f44b893a16c66db7d78a","akunadmjk@gmail.com","false"
"24995","true","694cc38feacdffcc010f0d60","","","[]","0","pcs","50000","JAMU KITO","KUNYIT ASEM AREN BUBUK","5","BBK-KUNYIT","Herbal Bubuk","11","69524b3206c7d6884de48ebf","2025-12-29T09:34:42.641000","2026-02-14T10:47:39.525000","6951f44b893a16c66db7d78a","akunadmjk@gmail.com","false"
"25000","true","694cc38feacdffcc010f0d60","","","[]","0","pcs","50000","JAMU KITO","WEDANG JAHE AREN BUBUK","5","WEDANG-BBK","Herbal Bubuk","11","69524af8d3b67f42dc1e2e64","2025-12-29T09:33:44.540000","2026-02-13T01:57:43.203000","6951f44b893a16c66db7d78a","akunadmjk@gmail.com","false"
"26000","true","694cc38feacdffcc010f0d60","","Mengobati berbagai masalah kesehatan pada saluran pernapasan, seperti batuk, bronkitis, pneumonia, asma, sinusitis, dll","[]","0","pcs","40000","JAMU KITO","VICHA BUBUK","5","VIC-BBK","Herbal Bubuk","3","69524677409a46dd4f81f3c0","2025-12-29T09:14:31.515000","2026-02-28T09:02:37.758000","6951f44b893a16c66db7d78a","akunadmjk@gmail.com","false"
"26000","true","694cc38feacdffcc010f0d60","","","[]","0","pcs","40000","JAMU KITO","UYUP-UYUP BUBUK","5","UYP-BBK","Herbal Bubuk","2","6952456e2f5012aea63cd62a","2025-12-29T09:10:06.600000","2026-02-28T09:03:36.862000","6951f44b893a16c66db7d78a","akunadmjk@gmail.com","false"
"26000","true","694cc38feacdffcc010f0d60","","Berkhasiat untuk mengobati mencegah dan merawat batu ginjal, batu kandung kemih dan batu empedu","[]","0","pcs","40000","JAMU KITO","PETRA BUBUK","5","PTRA-BBK","Herbal Bubuk","5","695244f7a4b6f39776444be1","2025-12-29T09:08:07.856000","2026-02-28T09:04:04.206000","6951f44b893a16c66db7d78a","akunadmjk@gmail.com","false"
"26000","true","694cc38feacdffcc010f0d60","","Berkhasiat untuk mencegah dan mnegobati hipertensi kolestrol dan stroke","[]","0","pcs","40000","JAMU KITO","PERTASI BUBUK","5","PRT-BBK","Herbal Bubuk","6","695240ad54626b6c7f12bd1e","2025-12-29T08:49:49.113000","2026-02-28T09:04:30.499000","6951f44b893a16c66db7d78a","akunadmjk@gmail.com","false"
"26000","true","694cc38feacdffcc010f0d60","","Berkhasiat untuk mengobati dan merawat penyakit maagh dan juga dapat mentatasi mencret","[]","0","pcs","40000","JAMU KITO","PEPSI BUBUK","5","PPS-BBK","Herbal Bubuk","8","69523ffa35c27e166311ce17","2025-12-29T08:46:50.650000","2026-02-28T09:04:51.797000","6951f44b893a16c66db7d78a","akunadmjk@gmail.com","false"
"26000","true","694cc38feacdffcc010f0d60","","Berkhasiat untuk mengobati dan merawat asam urat, rematik dan nyeri sendi","[]","0","pcs","40000","JAMU KITO","OSTON BUBUK","5","OST-BBK","Herbal Bubuk","7","69523f8387155650089733f6","2025-12-29T08:44:51.603000","2026-02-28T09:06:08.851000","6951f44b893a16c66db7d78a","akunadmjk@gmail.com","false"
"20000","true","694cc38feacdffcc010f0d60","","Mencegah dan mengobati tumor, kanker, benjolan dan pembengkakan kelenjar","[]","0","pcs","40000","JAMU KITO","ONKOU BUBUK","5","ONK-BBK","Herbal Bubuk","1","69523ede907ac415ecb29d61","2025-12-29T08:42:06.103000","2026-03-08T06:25:23.975000","6951f44b893a16c66db7d78a","akunadmjk@gmail.com","false"
"20000","true","694cc38feacdffcc010f0d60","https://res.cloudinary.com/dr7jmnefv/image/upload/v1773051708/arx43vffllwxervjmqdi.jpg","Mencegah da mengobati keputihan, mioma, kista, tumor, kanker dan penyakit pada organ reproduksi wanita","[]","0","pcs","40000","JAMU KITO","MITERA BUBUK","5","BBK-MITERA","Herbal Bubuk","15","695238bebf28ddb89d6ecd1e","2025-12-29T08:15:58.554000","2026-03-09T10:22:07.140000","6951f44b893a16c66db7d78a","akunadmjk@gmail.com","false"
"26000","true","694cc38feacdffcc010f0d60","","untuk diabetes","[]","0","pcs","40000","jamu kito","DIAVITI BUBUK","5","DV-BBK","Herbal Bubuk","12","695237479ca71db4de21abe0","2025-12-29T08:09:43.442000","2026-02-28T09:07:19.494000","6951f44b893a16c66db7d78a","akunadmjk@gmail.com","false"
"17500","true","694cc38feacdffcc010f0d60","","berkhasiat untuk menambah produksi asi","[]","0","pcs","40000","jamu kito","BOOSTER ASI BUBUK","5","BBK-ASI","Herbal Bubuk","10","69523699fbf90587d0e3c3a9","2025-12-29T08:06:49.767000","2026-02-28T09:06:59.045000","6951f44b893a16c66db7d78a","akunadmjk@gmail.com","false"
"35000","true","694cc38feacdffcc010f0d60","","herbal untuk gula darah","[]","0","btl","75000","Jamu Kito","DIAVITI KAPSUL","5","KP-DIAVT","Herbal Kapsul","10","69522110089ae940250b62b1","2025-12-29T06:34:56.202000","2026-01-07T01:43:18.924000","6951f44b893a16c66db7d78a","akunadmjk@gmail.com","false"
"15000","true","694cc38feacdffcc010f0d60","","Madu murni 150gr","[]","0","btl","25000","Jamu Kito","Madu Murni 150gr","5","JK-HONEY-150","Madu","6","69520ea165122fbe2ea36e98","2025-12-29T05:16:17.217000","2026-02-14T02:56:53.900000","6951f44b893a16c66db7d78a","akunadmjk@gmail.com","false"
"0","true","694cc38feacdffcc010f0d60","https://res.cloudinary.com/dr7jmnefv/image/upload/v1772865157/kojngclbovgd2dekbstq.jpg","Paket lengkap bekam dengan pijat/totok untuk kesehatan optimal","[]","0","sesi","192000","","Bekam + Urut/Totok","1","REG-BEKAMURUT","SPA REGULER","9956","694ccd5805c9ea3ea639be76","2025-12-25T05:36:24.385000","2026-03-07T06:32:51.318000","694cc3048109b291dcf39d6e","sirajnurihrom@gmail.com","false"
"0","true","694cc38feacdffcc010f0d60","https://res.cloudinary.com/dr7jmnefv/image/upload/v1772863213/hnqh7bf3crubxywvc8r7.jpg","Kombinasi pijat full body dan refleksi kaki untuk relaksasi maksimal","[]","0","sesi","180000","","Pijat + Refleksi","1","REG-PIREKLX","SPA REGULER","9956","694ccd589981e9e8b318f281","2025-12-25T05:36:24.061000","2026-03-07T06:00:20.801000","694cc3048109b291dcf39d6e","sirajnurihrom@gmail.com","false"
"0","true","694cc38feacdffcc010f0d60","https://res.cloudinary.com/dr7jmnefv/image/upload/v1772858846/vscyfjyvhpjptnfkir54.jpg","Kombinasi totok wajah dan facial untuk hasil maksimal. Wajah lebih kencang dan cerah","[]","0","sesi","180000","","Totok Wajah + Facial","1","REG-TOJAFACIAL","SPA REGULER","9993","694ccd57dba5b6891aeeda77","2025-12-25T05:36:23.726000","2026-03-07T04:47:48.493000","694cc3048109b291dcf39d6e","sirajnurihrom@gmail.com","false"
"0","true","694cc38feacdffcc010f0d60","https://res.cloudinary.com/dr7jmnefv/image/upload/v1772867904/bagxwdd6logm2tktd8ee.jpg","Pijat dengan lulur dan boreh rempah untuk menghangatkan tubuh dan detoksifikasi","[]","0","sesi","132000","","Massage Lulur Boreh","1","REG-PILURBOREH","SPA REGULER","9970","694ccd577554d883d24c9f09","2025-12-25T05:36:23.320000","2026-03-07T07:18:45.455000","694cc3048109b291dcf39d6e","sirajnurihrom@gmail.com","false"
"0","true","694cc38feacdffcc010f0d60","https://res.cloudinary.com/dr7jmnefv/image/upload/v1772858995/dd3er4iskvvy13qznqwc.jpg","Perawatan wajah lengkap untuk kulit wajah lebih cerah dan bersih","[]","0","sesi","120000","","Facial","1","REG-FACIAL","SPA REGULER","9991","694ccd57705bce3c986d6f32","2025-12-25T05:36:23.024000","2026-03-07T04:50:00.053000","694cc3048109b291dcf39d6e","sirajnurihrom@gmail.com","false"
"0","true","694cc38feacdffcc010f0d60","https://res.cloudinary.com/dr7jmnefv/image/upload/v1772868013/vqtfryfs4ybrqipe0rj3.jpg","Pijat tradisional dengan lulur untuk kulit lebih halus dan lembut","[]","0","sesi","120000","","Massage Lulur Aromaterapi","1","REG-PILURAROMA","SPA REGULER","9973","694ccd5676319039187e99e5","2025-12-25T05:36:22.682000","2026-03-07T07:20:38.145000","694cc3048109b291dcf39d6e","sirajnurihrom@gmail.com","false"
"0","true","694cc38feacdffcc010f0d60","https://res.cloudinary.com/dr7jmnefv/image/upload/v1771248800/qtqix5mo8si7ew0ai8la.jpg","Perawatan kuku tangan dan kaki lengkap","[]","0","sesi","120000","","Menipedicure","1","REG-MENIPEDI","SPA REGULER","9991","694ccd565ab751ffd00772e4","2025-12-25T05:36:22.329000","2026-03-07T07:08:38.413000","694cc3048109b291dcf39d6e","sirajnurihrom@gmail.com","false"
"0","true","694cc38feacdffcc010f0d60","https://res.cloudinary.com/dr7jmnefv/image/upload/v1772866004/gflvqaxfl7zspzgu09y0.jpg","Pijat totok pada punggung untuk meredakan pegal dan melancarkan energi","[]","0","sesi","108000","","Totok Punggung","1","REG-TOPUNG","SPA REGULER","9961","694ccd5576319039187e99e4","2025-12-25T05:36:21.985000","2026-03-07T06:46:50.654000","694cc3048109b291dcf39d6e","sirajnurihrom@gmail.com","false"
"0","true","694cc38feacdffcc010f0d60","https://res.cloudinary.com/dr7jmnefv/image/upload/v1772166152/lv2o7xjhsh564pxrcmxk.jpg","Terapi bekam untuk melancarkan peredaran darah dan meningkatkan imunitas","[]","0","sesi","108000","","Bekam Sunnah","1","REG-BEKAM","SPA REGULER","9934","694ccd559959efb41a498909","2025-12-25T05:36:21.711000","2026-03-07T06:31:20.880000","694cc3048109b291dcf39d6e","sirajnurihrom@gmail.com","false"
"0","true","694cc38feacdffcc010f0d60","https://res.cloudinary.com/dr7jmnefv/image/upload/v1772863243/f7a6imcc48kwshfwuymg.jpg","Pijat refleksi kaki pada titik-titik saraf untuk melancarkan peredaran darah","[]","0","sesi","96000","","Refleksi Kaki","1","REG-REFLX","SPA REGULER","9986","694ccd555cb62ebb15d05e20","2025-12-25T05:36:21.403000","2026-03-07T06:01:03.833000","694cc3048109b291dcf39d6e","sirajnurihrom@gmail.com","false"
"0","true","694cc38feacdffcc010f0d60","https://res.cloudinary.com/dr7jmnefv/image/upload/v1772859161/qoupnzfmdhi6tmry28qa.jpg","Pijat tradisional seluruh tubuh selama 1 jam untuk relaksasi dan melancarkan peredaran darah","[]","0","sesi","96000","","Pijat Tradisional 1 Jam","1","REG-1JAM","SPA REGULER","9826","694ccd557554d883d24c9f07","2025-12-25T05:36:21.067000","2026-03-07T04:53:05.076000","694cc3048109b291dcf39d6e","sirajnurihrom@gmail.com","false"
"0","true","694cc38feacdffcc010f0d60","https://res.cloudinary.com/dr7jmnefv/image/upload/v1772858884/h1u7kezbqwm9axlm4bxu.jpg","Pijat wajah tradisional untuk mengencangkan dan meremajakan kulit wajah","[]","0","sesi","72000","","Totok Wajah","1","REG-TOJA","SPA REGULER","9961","694ccd546635e12b39a3bea5","2025-12-25T05:36:20.782000","2026-03-07T04:48:24.723000","694cc3048109b291dcf39d6e","sirajnurihrom@gmail.com","false"
"0","true","694cc38feacdffcc010f0d60","https://res.cloudinary.com/dr7jmnefv/image/upload/v1772858305/sxunz5edo2jl3w8tpo5g.jpg","Sauna dengan rempah tradisional untuk detoksifikasi tubuh","[]","0","sesi","72000","","Sauna Rempah","1","REG-SAUNA","SPA REGULER","9993","694ccd544b895b9eebfad546","2025-12-25T05:36:20.494000","2026-03-07T04:38:38.959000","694cc3048109b291dcf39d6e","sirajnurihrom@gmail.com","false"
"0","true","694cc38feacdffcc010f0d60","https://res.cloudinary.com/dr7jmnefv/image/upload/v1772855994/ax5j74oo2ztl7epefgxn.jpg","Perawatan rambut dan kulit kepala dengan krim nutrisi","[]","0","sesi","60000","","Creambath","1","REG-CREAMBATH","SPA REGULER","9973","694ccd52931f5fe3ca1191bb","2025-12-25T05:36:18.826000","2026-03-07T04:00:29.454000","694cc3048109b291dcf39d6e","sirajnurihrom@gmail.com","false"
"0","true","694cc38feacdffcc010f0d60","https://res.cloudinary.com/dr7jmnefv/image/upload/v1772857242/gyn2fuxzwuok0zgeldsq.jpg","Perawatan tradisional untuk kesehatan area kewanitaan","[]","0","sesi","48000","","Ratus V","1","REG-RATUS","SPA REGULER","9996","694ccd52cdacd9b052d5ec89","2025-12-25T05:36:18.500000","2026-03-07T04:20:48.761000","694cc3048109b291dcf39d6e","sirajnurihrom@gmail.com","false"
"0","true","694cc38feacdffcc010f0d60","https://res.cloudinary.com/dr7jmnefv/image/upload/v1772855883/fi5wj7kr0hjfvn4adn5w.jpg","Terapi pembersihan telinga dengan lilin aromaterapi","[]","0","sesi","42000","","Ear Candle","1","SPA-EAR","SPA REGULER","9996","694ccd51dbf639c6be1b6805","2025-12-25T05:36:17.514000","2026-03-07T03:58:17.667000","694cc3048109b291dcf39d6e","sirajnurihrom@gmail.com","false"
"0","true","694cc38feacdffcc010f0d60","https://res.cloudinary.com/dr7jmnefv/image/upload/v1772855611/qvsivxlm2qbbz2mg7bac.jpg","Perawatan masker rambut untuk nutrisi dan kelembutan rambut","[]","0","sesi","42000","","Masker Rambut","1","REG-HAIRMASK","SPA REGULER","994","694ccd5136cd2f3e5a854de1","2025-12-25T05:36:17.228000","2026-03-07T03:53:44.839000","694cc3048109b291dcf39d6e","sirajnurihrom@gmail.com","false"
"0","true","694cc38feacdffcc010f0d60","https://res.cloudinary.com/dr7jmnefv/image/upload/v1771249240/ubauhkfrg9cmeycqpqa1.jpg","Perawatan masker untuk seluruh tubuh. Membuat kulit lebih halus dan lembut","[]","0","sesi","36000","","Masker Full Body","1","REG-BODYMASK","SPA REGULER","9995","694ccd500616cf63286f0e31","2025-12-25T05:36:16.949000","2026-03-07T03:34:57.282000","694cc3048109b291dcf39d6e","sirajnurihrom@gmail.com","false"
"10000","true","694cc38feacdffcc010f0d60","","Minuman hangat dari gula aren dan jahe merah. Menghangatkan tubuh, meningkatkan imunitas, dan meredakan kelelahan","[]","0","botol","20000","JAMU KITO","Wedang Jahe 300ml","5","WD","Jamu","21","694ccd505d62c9a5c36e6028","2025-12-25T05:36:16.633000","2026-02-21T13:38:07.033000","694cc3048109b291dcf39d6e","sirajnurihrom@gmail.com","false"
"30000","true","694cc38feacdffcc010f0d60","","Sirup herbal alami untuk meredakan flu dan batuk pada anak. Mengandung madu murni, temulawak, jahe, kencur, dan daun kelor","[]","0","btl","75000","Jamu Kito","Madu Vicha","5","JK-VICHA-250","Madu","4","694ccd4f01d31438ea2db876","2025-12-25T05:36:15.432000","2026-02-17T12:44:21.015000","694cc3048109b291dcf39d6e","sirajnurihrom@gmail.com","false"